Source URL,Keyword,Avg Monthly Searches,Competition,Low CPC (USD),High CPC (USD),Sentiment Score,Sentiment Confidence,Intent,semantic_score,tfidf_score,content_match_score,relevance_bucket,volume_score,cpc_score,competition_score,sentiment_score_scaled,keyword_score,Cluster
https://genzgamecode.com,netflix games,33100,LOW,14.55,21.4,4,0.4947,navigational,3.4,1.68,3.06,,8.024242424242424,0.19151487670856923,20.0,10.0,7.77,Cluster 1
https://genzgamecode.com,game platforms,5400,LOW,59.05,332.91,4,0.5055,navigational,4.12,2.79,3.85,,1.309090909090909,2.9793092338808314,20.0,10.0,6.67,Cluster 1
https://genzgamecode.com,platform for gamers,70,LOW,83.87,312.37,4,0.4974,navigational,3.44,1.43,3.04,,0.01696969696969697,2.7954907494138217,20.0,10.0,6.15,Cluster 1
https://genzgamecode.com,popular game platforms,40,LOW,0.0,0.0,4,0.5011,navigational,3.56,2.33,3.31,,0.009696969696969697,0.0,20.0,10.0,5.33,Cluster 1
https://genzgamecode.com,gamer social media platform,10,LOW,0.0,0.0,4,0.4778,navigational,3.54,0.78,2.99,,0.0024242424242424242,0.0,20.0,10.0,5.3,Cluster 1
https://genzgamecode.com,official game,110,LOW,0.0,0.0,4,0.4758,navigational,2.94,2.79,2.91,,0.026666666666666665,0.0,20.0,10.0,5.3,Cluster 1
https://genzgamecode.com,social media platform for gamers,20,LOW,0.0,0.0,4,0.4798,navigational,3.11,1.19,2.73,,0.0048484848484848485,0.0,20.0,10.0,5.27,Cluster 1
https://genzgamecode.com,play netflix games,20,LOW,0.0,0.0,4,0.4786,navigational,2.82,1.85,2.63,,0.0048484848484848485,0.0,20.0,10.0,5.26,Cluster 1
https://genzgamecode.com,mobile games platform,390,MEDIUM,0.0,0.0,4,0.4961,navigational,3.52,1.96,3.21,,0.09454545454545454,0.0,10.0,10.0,3.35,Cluster 1
